Process ID,n_reads,n_aligned,cov_min,cov_max,cov_avg,skipped_reads_low_rel_score,length
BGENL001-23,2939,11831570,0.0,451.0,227.81409001956948,933,1533
BGENL002-23,108,332112,0.0,14.0,6.778864970645793,10,1533
BGENL003-23,2196,15623546,0.0,346.0,159.4637964774951,650,1533
BGENL004-23,16653,1933902,0.0,2000.0,1273.5401174168298,2526,1533
BGENL005-23,21,112545,0.0,5.0,1.4481409001956946,8,1533

